name,last_name,email,group
Alumno1,"Apellido 1º ESO A",alumno11esoa@example.com,"1º ESO A"
Alumno2,"Apellido 1º ESO A",alumno21esoa@example.com,"1º ESO A"
Alumno3,"Apellido 1º ESO A",alumno31esoa@example.com,"1º ESO A"
Alumno4,"Apellido 1º ESO A",alumno41esoa@example.com,"1º ESO A"
Alumno5,"Apellido 1º ESO A",alumno51esoa@example.com,"1º ESO A"
Alumno6,"Apellido 1º ESO A",alumno61esoa@example.com,"1º ESO A"
Alumno7,"Apellido 1º ESO A",alumno71esoa@example.com,"1º ESO A"
Alumno8,"Apellido 1º ESO A",alumno81esoa@example.com,"1º ESO A"
Alumno9,"Apellido 1º ESO A",alumno91esoa@example.com,"1º ESO A"
Alumno10,"Apellido 1º ESO A",alumno101esoa@example.com,"1º ESO A"
Alumno1,"Apellido 1º ESO B",alumno11esob@example.com,"1º ESO B"
Alumno2,"Apellido 1º ESO B",alumno21esob@example.com,"1º ESO B"
Alumno3,"Apellido 1º ESO B",alumno31esob@example.com,"1º ESO B"
Alumno4,"Apellido 1º ESO B",alumno41esob@example.com,"1º ESO B"
Alumno5,"Apellido 1º ESO B",alumno51esob@example.com,"1º ESO B"
Alumno6,"Apellido 1º ESO B",alumno61esob@example.com,"1º ESO B"
Alumno7,"Apellido 1º ESO B",alumno71esob@example.com,"1º ESO B"
Alumno8,"Apellido 1º ESO B",alumno81esob@example.com,"1º ESO B"
Alumno9,"Apellido 1º ESO B",alumno91esob@example.com,"1º ESO B"
Alumno10,"Apellido 1º ESO B",alumno101esob@example.com,"1º ESO B"
Alumno1,"Apellido 1º ESO C",alumno11esoc@example.com,"1º ESO C"
Alumno2,"Apellido 1º ESO C",alumno21esoc@example.com,"1º ESO C"
Alumno3,"Apellido 1º ESO C",alumno31esoc@example.com,"1º ESO C"
Alumno4,"Apellido 1º ESO C",alumno41esoc@example.com,"1º ESO C"
Alumno5,"Apellido 1º ESO C",alumno51esoc@example.com,"1º ESO C"
Alumno6,"Apellido 1º ESO C",alumno61esoc@example.com,"1º ESO C"
Alumno7,"Apellido 1º ESO C",alumno71esoc@example.com,"1º ESO C"
Alumno8,"Apellido 1º ESO C",alumno81esoc@example.com,"1º ESO C"
Alumno9,"Apellido 1º ESO C",alumno91esoc@example.com,"1º ESO C"
Alumno10,"Apellido 1º ESO C",alumno101esoc@example.com,"1º ESO C"
Alumno1,"Apellido 1º ESO D",alumno11esod@example.com,"1º ESO D"
Alumno2,"Apellido 1º ESO D",alumno21esod@example.com,"1º ESO D"
Alumno3,"Apellido 1º ESO D",alumno31esod@example.com,"1º ESO D"
Alumno4,"Apellido 1º ESO D",alumno41esod@example.com,"1º ESO D"
Alumno5,"Apellido 1º ESO D",alumno51esod@example.com,"1º ESO D"
Alumno6,"Apellido 1º ESO D",alumno61esod@example.com,"1º ESO D"
Alumno7,"Apellido 1º ESO D",alumno71esod@example.com,"1º ESO D"
Alumno8,"Apellido 1º ESO D",alumno81esod@example.com,"1º ESO D"
Alumno9,"Apellido 1º ESO D",alumno91esod@example.com,"1º ESO D"
Alumno10,"Apellido 1º ESO D",alumno101esod@example.com,"1º ESO D"
Alumno1,"Apellido 1º ESO E",alumno11esoe@example.com,"1º ESO E"
Alumno2,"Apellido 1º ESO E",alumno21esoe@example.com,"1º ESO E"
Alumno3,"Apellido 1º ESO E",alumno31esoe@example.com,"1º ESO E"
Alumno4,"Apellido 1º ESO E",alumno41esoe@example.com,"1º ESO E"
Alumno5,"Apellido 1º ESO E",alumno51esoe@example.com,"1º ESO E"
Alumno6,"Apellido 1º ESO E",alumno61esoe@example.com,"1º ESO E"
Alumno7,"Apellido 1º ESO E",alumno71esoe@example.com,"1º ESO E"
Alumno8,"Apellido 1º ESO E",alumno81esoe@example.com,"1º ESO E"
Alumno9,"Apellido 1º ESO E",alumno91esoe@example.com,"1º ESO E"
Alumno10,"Apellido 1º ESO E",alumno101esoe@example.com,"1º ESO E"
Alumno1,"Apellido 1º ESO F",alumno11esof@example.com,"1º ESO F"
Alumno2,"Apellido 1º ESO F",alumno21esof@example.com,"1º ESO F"
Alumno3,"Apellido 1º ESO F",alumno31esof@example.com,"1º ESO F"
Alumno4,"Apellido 1º ESO F",alumno41esof@example.com,"1º ESO F"
Alumno5,"Apellido 1º ESO F",alumno51esof@example.com,"1º ESO F"
Alumno6,"Apellido 1º ESO F",alumno61esof@example.com,"1º ESO F"
Alumno7,"Apellido 1º ESO F",alumno71esof@example.com,"1º ESO F"
Alumno8,"Apellido 1º ESO F",alumno81esof@example.com,"1º ESO F"
Alumno9,"Apellido 1º ESO F",alumno91esof@example.com,"1º ESO F"
Alumno10,"Apellido 1º ESO F",alumno101esof@example.com,"1º ESO F"
Alumno1,"Apellido 2º ESO A",alumno12esoa@example.com,"2º ESO A"
Alumno2,"Apellido 2º ESO A",alumno22esoa@example.com,"2º ESO A"
Alumno3,"Apellido 2º ESO A",alumno32esoa@example.com,"2º ESO A"
Alumno4,"Apellido 2º ESO A",alumno42esoa@example.com,"2º ESO A"
Alumno5,"Apellido 2º ESO A",alumno52esoa@example.com,"2º ESO A"
Alumno6,"Apellido 2º ESO A",alumno62esoa@example.com,"2º ESO A"
Alumno7,"Apellido 2º ESO A",alumno72esoa@example.com,"2º ESO A"
Alumno8,"Apellido 2º ESO A",alumno82esoa@example.com,"2º ESO A"
Alumno9,"Apellido 2º ESO A",alumno92esoa@example.com,"2º ESO A"
Alumno10,"Apellido 2º ESO A",alumno102esoa@example.com,"2º ESO A"
Alumno1,"Apellido 2º ESO B",alumno12esob@example.com,"2º ESO B"
Alumno2,"Apellido 2º ESO B",alumno22esob@example.com,"2º ESO B"
Alumno3,"Apellido 2º ESO B",alumno32esob@example.com,"2º ESO B"
Alumno4,"Apellido 2º ESO B",alumno42esob@example.com,"2º ESO B"
Alumno5,"Apellido 2º ESO B",alumno52esob@example.com,"2º ESO B"
Alumno6,"Apellido 2º ESO B",alumno62esob@example.com,"2º ESO B"
Alumno7,"Apellido 2º ESO B",alumno72esob@example.com,"2º ESO B"
Alumno8,"Apellido 2º ESO B",alumno82esob@example.com,"2º ESO B"
Alumno9,"Apellido 2º ESO B",alumno92esob@example.com,"2º ESO B"
Alumno10,"Apellido 2º ESO B",alumno102esob@example.com,"2º ESO B"
Alumno1,"Apellido 2º ESO C",alumno12esoc@example.com,"2º ESO C"
Alumno2,"Apellido 2º ESO C",alumno22esoc@example.com,"2º ESO C"
Alumno3,"Apellido 2º ESO C",alumno32esoc@example.com,"2º ESO C"
Alumno4,"Apellido 2º ESO C",alumno42esoc@example.com,"2º ESO C"
Alumno5,"Apellido 2º ESO C",alumno52esoc@example.com,"2º ESO C"
Alumno6,"Apellido 2º ESO C",alumno62esoc@example.com,"2º ESO C"
Alumno7,"Apellido 2º ESO C",alumno72esoc@example.com,"2º ESO C"
Alumno8,"Apellido 2º ESO C",alumno82esoc@example.com,"2º ESO C"
Alumno9,"Apellido 2º ESO C",alumno92esoc@example.com,"2º ESO C"
Alumno10,"Apellido 2º ESO C",alumno102esoc@example.com,"2º ESO C"
Alumno1,"Apellido 2º ESO D",alumno12esod@example.com,"2º ESO D"
Alumno2,"Apellido 2º ESO D",alumno22esod@example.com,"2º ESO D"
Alumno3,"Apellido 2º ESO D",alumno32esod@example.com,"2º ESO D"
Alumno4,"Apellido 2º ESO D",alumno42esod@example.com,"2º ESO D"
Alumno5,"Apellido 2º ESO D",alumno52esod@example.com,"2º ESO D"
Alumno6,"Apellido 2º ESO D",alumno62esod@example.com,"2º ESO D"
Alumno7,"Apellido 2º ESO D",alumno72esod@example.com,"2º ESO D"
Alumno8,"Apellido 2º ESO D",alumno82esod@example.com,"2º ESO D"
Alumno9,"Apellido 2º ESO D",alumno92esod@example.com,"2º ESO D"
Alumno10,"Apellido 2º ESO D",alumno102esod@example.com,"2º ESO D"
Alumno1,"Apellido 2º ESO E",alumno12esoe@example.com,"2º ESO E"
Alumno2,"Apellido 2º ESO E",alumno22esoe@example.com,"2º ESO E"
Alumno3,"Apellido 2º ESO E",alumno32esoe@example.com,"2º ESO E"
Alumno4,"Apellido 2º ESO E",alumno42esoe@example.com,"2º ESO E"
Alumno5,"Apellido 2º ESO E",alumno52esoe@example.com,"2º ESO E"
Alumno6,"Apellido 2º ESO E",alumno62esoe@example.com,"2º ESO E"
Alumno7,"Apellido 2º ESO E",alumno72esoe@example.com,"2º ESO E"
Alumno8,"Apellido 2º ESO E",alumno82esoe@example.com,"2º ESO E"
Alumno9,"Apellido 2º ESO E",alumno92esoe@example.com,"2º ESO E"
Alumno10,"Apellido 2º ESO E",alumno102esoe@example.com,"2º ESO E"
Alumno1,"Apellido 2º ESO F",alumno12esof@example.com,"2º ESO F"
Alumno2,"Apellido 2º ESO F",alumno22esof@example.com,"2º ESO F"
Alumno3,"Apellido 2º ESO F",alumno32esof@example.com,"2º ESO F"
Alumno4,"Apellido 2º ESO F",alumno42esof@example.com,"2º ESO F"
Alumno5,"Apellido 2º ESO F",alumno52esof@example.com,"2º ESO F"
Alumno6,"Apellido 2º ESO F",alumno62esof@example.com,"2º ESO F"
Alumno7,"Apellido 2º ESO F",alumno72esof@example.com,"2º ESO F"
Alumno8,"Apellido 2º ESO F",alumno82esof@example.com,"2º ESO F"
Alumno9,"Apellido 2º ESO F",alumno92esof@example.com,"2º ESO F"
Alumno10,"Apellido 2º ESO F",alumno102esof@example.com,"2º ESO F"
Alumno1,"Apellido 3º ESO A",alumno13esoa@example.com,"3º ESO A"
Alumno2,"Apellido 3º ESO A",alumno23esoa@example.com,"3º ESO A"
Alumno3,"Apellido 3º ESO A",alumno33esoa@example.com,"3º ESO A"
Alumno4,"Apellido 3º ESO A",alumno43esoa@example.com,"3º ESO A"
Alumno5,"Apellido 3º ESO A",alumno53esoa@example.com,"3º ESO A"
Alumno6,"Apellido 3º ESO A",alumno63esoa@example.com,"3º ESO A"
Alumno7,"Apellido 3º ESO A",alumno73esoa@example.com,"3º ESO A"
Alumno8,"Apellido 3º ESO A",alumno83esoa@example.com,"3º ESO A"
Alumno9,"Apellido 3º ESO A",alumno93esoa@example.com,"3º ESO A"
Alumno10,"Apellido 3º ESO A",alumno103esoa@example.com,"3º ESO A"
Alumno1,"Apellido 3º ESO B",alumno13esob@example.com,"3º ESO B"
Alumno2,"Apellido 3º ESO B",alumno23esob@example.com,"3º ESO B"
Alumno3,"Apellido 3º ESO B",alumno33esob@example.com,"3º ESO B"
Alumno4,"Apellido 3º ESO B",alumno43esob@example.com,"3º ESO B"
Alumno5,"Apellido 3º ESO B",alumno53esob@example.com,"3º ESO B"
Alumno6,"Apellido 3º ESO B",alumno63esob@example.com,"3º ESO B"
Alumno7,"Apellido 3º ESO B",alumno73esob@example.com,"3º ESO B"
Alumno8,"Apellido 3º ESO B",alumno83esob@example.com,"3º ESO B"
Alumno9,"Apellido 3º ESO B",alumno93esob@example.com,"3º ESO B"
Alumno10,"Apellido 3º ESO B",alumno103esob@example.com,"3º ESO B"
Alumno1,"Apellido 3º ESO C",alumno13esoc@example.com,"3º ESO C"
Alumno2,"Apellido 3º ESO C",alumno23esoc@example.com,"3º ESO C"
Alumno3,"Apellido 3º ESO C",alumno33esoc@example.com,"3º ESO C"
Alumno4,"Apellido 3º ESO C",alumno43esoc@example.com,"3º ESO C"
Alumno5,"Apellido 3º ESO C",alumno53esoc@example.com,"3º ESO C"
Alumno6,"Apellido 3º ESO C",alumno63esoc@example.com,"3º ESO C"
Alumno7,"Apellido 3º ESO C",alumno73esoc@example.com,"3º ESO C"
Alumno8,"Apellido 3º ESO C",alumno83esoc@example.com,"3º ESO C"
Alumno9,"Apellido 3º ESO C",alumno93esoc@example.com,"3º ESO C"
Alumno10,"Apellido 3º ESO C",alumno103esoc@example.com,"3º ESO C"
Alumno1,"Apellido 3º ESO D",alumno13esod@example.com,"3º ESO D"
Alumno2,"Apellido 3º ESO D",alumno23esod@example.com,"3º ESO D"
Alumno3,"Apellido 3º ESO D",alumno33esod@example.com,"3º ESO D"
Alumno4,"Apellido 3º ESO D",alumno43esod@example.com,"3º ESO D"
Alumno5,"Apellido 3º ESO D",alumno53esod@example.com,"3º ESO D"
Alumno6,"Apellido 3º ESO D",alumno63esod@example.com,"3º ESO D"
Alumno7,"Apellido 3º ESO D",alumno73esod@example.com,"3º ESO D"
Alumno8,"Apellido 3º ESO D",alumno83esod@example.com,"3º ESO D"
Alumno9,"Apellido 3º ESO D",alumno93esod@example.com,"3º ESO D"
Alumno10,"Apellido 3º ESO D",alumno103esod@example.com,"3º ESO D"
Alumno1,"Apellido 3º ESO E",alumno13esoe@example.com,"3º ESO E"
Alumno2,"Apellido 3º ESO E",alumno23esoe@example.com,"3º ESO E"
Alumno3,"Apellido 3º ESO E",alumno33esoe@example.com,"3º ESO E"
Alumno4,"Apellido 3º ESO E",alumno43esoe@example.com,"3º ESO E"
Alumno5,"Apellido 3º ESO E",alumno53esoe@example.com,"3º ESO E"
Alumno6,"Apellido 3º ESO E",alumno63esoe@example.com,"3º ESO E"
Alumno7,"Apellido 3º ESO E",alumno73esoe@example.com,"3º ESO E"
Alumno8,"Apellido 3º ESO E",alumno83esoe@example.com,"3º ESO E"
Alumno9,"Apellido 3º ESO E",alumno93esoe@example.com,"3º ESO E"
Alumno10,"Apellido 3º ESO E",alumno103esoe@example.com,"3º ESO E"
Alumno1,"Apellido 3º ESO F",alumno13esof@example.com,"3º ESO F"
Alumno2,"Apellido 3º ESO F",alumno23esof@example.com,"3º ESO F"
Alumno3,"Apellido 3º ESO F",alumno33esof@example.com,"3º ESO F"
Alumno4,"Apellido 3º ESO F",alumno43esof@example.com,"3º ESO F"
Alumno5,"Apellido 3º ESO F",alumno53esof@example.com,"3º ESO F"
Alumno6,"Apellido 3º ESO F",alumno63esof@example.com,"3º ESO F"
Alumno7,"Apellido 3º ESO F",alumno73esof@example.com,"3º ESO F"
Alumno8,"Apellido 3º ESO F",alumno83esof@example.com,"3º ESO F"
Alumno9,"Apellido 3º ESO F",alumno93esof@example.com,"3º ESO F"
Alumno10,"Apellido 3º ESO F",alumno103esof@example.com,"3º ESO F"
Alumno1,"Apellido 4º ESO A",alumno14esoa@example.com,"4º ESO A"
Alumno2,"Apellido 4º ESO A",alumno24esoa@example.com,"4º ESO A"
Alumno3,"Apellido 4º ESO A",alumno34esoa@example.com,"4º ESO A"
Alumno4,"Apellido 4º ESO A",alumno44esoa@example.com,"4º ESO A"
Alumno5,"Apellido 4º ESO A",alumno54esoa@example.com,"4º ESO A"
Alumno6,"Apellido 4º ESO A",alumno64esoa@example.com,"4º ESO A"
Alumno7,"Apellido 4º ESO A",alumno74esoa@example.com,"4º ESO A"
Alumno8,"Apellido 4º ESO A",alumno84esoa@example.com,"4º ESO A"
Alumno9,"Apellido 4º ESO A",alumno94esoa@example.com,"4º ESO A"
Alumno10,"Apellido 4º ESO A",alumno104esoa@example.com,"4º ESO A"
Alumno1,"Apellido 4º ESO B",alumno14esob@example.com,"4º ESO B"
Alumno2,"Apellido 4º ESO B",alumno24esob@example.com,"4º ESO B"
Alumno3,"Apellido 4º ESO B",alumno34esob@example.com,"4º ESO B"
Alumno4,"Apellido 4º ESO B",alumno44esob@example.com,"4º ESO B"
Alumno5,"Apellido 4º ESO B",alumno54esob@example.com,"4º ESO B"
Alumno6,"Apellido 4º ESO B",alumno64esob@example.com,"4º ESO B"
Alumno7,"Apellido 4º ESO B",alumno74esob@example.com,"4º ESO B"
Alumno8,"Apellido 4º ESO B",alumno84esob@example.com,"4º ESO B"
Alumno9,"Apellido 4º ESO B",alumno94esob@example.com,"4º ESO B"
Alumno10,"Apellido 4º ESO B",alumno104esob@example.com,"4º ESO B"
Alumno1,"Apellido 4º ESO C",alumno14esoc@example.com,"4º ESO C"
Alumno2,"Apellido 4º ESO C",alumno24esoc@example.com,"4º ESO C"
Alumno3,"Apellido 4º ESO C",alumno34esoc@example.com,"4º ESO C"
Alumno4,"Apellido 4º ESO C",alumno44esoc@example.com,"4º ESO C"
Alumno5,"Apellido 4º ESO C",alumno54esoc@example.com,"4º ESO C"
Alumno6,"Apellido 4º ESO C",alumno64esoc@example.com,"4º ESO C"
Alumno7,"Apellido 4º ESO C",alumno74esoc@example.com,"4º ESO C"
Alumno8,"Apellido 4º ESO C",alumno84esoc@example.com,"4º ESO C"
Alumno9,"Apellido 4º ESO C",alumno94esoc@example.com,"4º ESO C"
Alumno10,"Apellido 4º ESO C",alumno104esoc@example.com,"4º ESO C"
Alumno1,"Apellido 4º ESO D",alumno14esod@example.com,"4º ESO D"
Alumno2,"Apellido 4º ESO D",alumno24esod@example.com,"4º ESO D"
Alumno3,"Apellido 4º ESO D",alumno34esod@example.com,"4º ESO D"
Alumno4,"Apellido 4º ESO D",alumno44esod@example.com,"4º ESO D"
Alumno5,"Apellido 4º ESO D",alumno54esod@example.com,"4º ESO D"
Alumno6,"Apellido 4º ESO D",alumno64esod@example.com,"4º ESO D"
Alumno7,"Apellido 4º ESO D",alumno74esod@example.com,"4º ESO D"
Alumno8,"Apellido 4º ESO D",alumno84esod@example.com,"4º ESO D"
Alumno9,"Apellido 4º ESO D",alumno94esod@example.com,"4º ESO D"
Alumno10,"Apellido 4º ESO D",alumno104esod@example.com,"4º ESO D"
Alumno1,"Apellido 4º ESO E",alumno14esoe@example.com,"4º ESO E"
Alumno2,"Apellido 4º ESO E",alumno24esoe@example.com,"4º ESO E"
Alumno3,"Apellido 4º ESO E",alumno34esoe@example.com,"4º ESO E"
Alumno4,"Apellido 4º ESO E",alumno44esoe@example.com,"4º ESO E"
Alumno5,"Apellido 4º ESO E",alumno54esoe@example.com,"4º ESO E"
Alumno6,"Apellido 4º ESO E",alumno64esoe@example.com,"4º ESO E"
Alumno7,"Apellido 4º ESO E",alumno74esoe@example.com,"4º ESO E"
Alumno8,"Apellido 4º ESO E",alumno84esoe@example.com,"4º ESO E"
Alumno9,"Apellido 4º ESO E",alumno94esoe@example.com,"4º ESO E"
Alumno10,"Apellido 4º ESO E",alumno104esoe@example.com,"4º ESO E"
Alumno1,"Apellido 4º ESO F",alumno14esof@example.com,"4º ESO F"
Alumno2,"Apellido 4º ESO F",alumno24esof@example.com,"4º ESO F"
Alumno3,"Apellido 4º ESO F",alumno34esof@example.com,"4º ESO F"
Alumno4,"Apellido 4º ESO F",alumno44esof@example.com,"4º ESO F"
Alumno5,"Apellido 4º ESO F",alumno54esof@example.com,"4º ESO F"
Alumno6,"Apellido 4º ESO F",alumno64esof@example.com,"4º ESO F"
Alumno7,"Apellido 4º ESO F",alumno74esof@example.com,"4º ESO F"
Alumno8,"Apellido 4º ESO F",alumno84esof@example.com,"4º ESO F"
Alumno9,"Apellido 4º ESO F",alumno94esof@example.com,"4º ESO F"
Alumno10,"Apellido 4º ESO F",alumno104esof@example.com,"4º ESO F"
Alumno1,"Apellido 1º Bach A",alumno11bacha@example.com,"1º Bachillerato A"
Alumno2,"Apellido 1º Bach A",alumno21bacha@example.com,"1º Bachillerato A"
Alumno3,"Apellido 1º Bach A",alumno31bacha@example.com,"1º Bachillerato A"
Alumno4,"Apellido 1º Bach A",alumno41bacha@example.com,"1º Bachillerato A"
Alumno5,"Apellido 1º Bach A",alumno51bacha@example.com,"1º Bachillerato A"
Alumno6,"Apellido 1º Bach A",alumno61bacha@example.com,"1º Bachillerato A"
Alumno7,"Apellido 1º Bach A",alumno71bacha@example.com,"1º Bachillerato A"
Alumno8,"Apellido 1º Bach A",alumno81bacha@example.com,"1º Bachillerato A"
Alumno9,"Apellido 1º Bach A",alumno91bacha@example.com,"1º Bachillerato A"
Alumno10,"Apellido 1º Bach A",alumno101bacha@example.com,"1º Bachillerato A"
Alumno1,"Apellido 1º Bach B",alumno11bachb@example.com,"1º Bachillerato B"
Alumno2,"Apellido 1º Bach B",alumno21bachb@example.com,"1º Bachillerato B"
Alumno3,"Apellido 1º Bach B",alumno31bachb@example.com,"1º Bachillerato B"
Alumno4,"Apellido 1º Bach B",alumno41bachb@example.com,"1º Bachillerato B"
Alumno5,"Apellido 1º Bach B",alumno51bachb@example.com,"1º Bachillerato B"
Alumno6,"Apellido 1º Bach B",alumno61bachb@example.com,"1º Bachillerato B"
Alumno7,"Apellido 1º Bach B",alumno71bachb@example.com,"1º Bachillerato B"
Alumno8,"Apellido 1º Bach B",alumno81bachb@example.com,"1º Bachillerato B"
Alumno9,"Apellido 1º Bach B",alumno91bachb@example.com,"1º Bachillerato B"
Alumno10,"Apellido 1º Bach B",alumno101bachb@example.com,"1º Bachillerato B"
Alumno1,"Apellido 1º Bach C",alumno11bachc@example.com,"1º Bachillerato C"
Alumno2,"Apellido 1º Bach C",alumno21bachc@example.com,"1º Bachillerato C"
Alumno3,"Apellido 1º Bach C",alumno31bachc@example.com,"1º Bachillerato C"
Alumno4,"Apellido 1º Bach C",alumno41bachc@example.com,"1º Bachillerato C"
Alumno5,"Apellido 1º Bach C",alumno51bachc@example.com,"1º Bachillerato C"
Alumno6,"Apellido 1º Bach C",alumno61bachc@example.com,"1º Bachillerato C"
Alumno7,"Apellido 1º Bach C",alumno71bachc@example.com,"1º Bachillerato C"
Alumno8,"Apellido 1º Bach C",alumno81bachc@example.com,"1º Bachillerato C"
Alumno9,"Apellido 1º Bach C",alumno91bachc@example.com,"1º Bachillerato C"
Alumno10,"Apellido 1º Bach C",alumno101bachc@example.com,"1º Bachillerato C"
Alumno1,"Apellido 2º Bach A",alumno12bacha@example.com,"2º Bachillerato A"
Alumno2,"Apellido 2º Bach A",alumno22bacha@example.com,"2º Bachillerato A"
Alumno3,"Apellido 2º Bach A",alumno32bacha@example.com,"2º Bachillerato A"
Alumno4,"Apellido 2º Bach A",alumno42bacha@example.com,"2º Bachillerato A"
Alumno5,"Apellido 2º Bach A",alumno52bacha@example.com,"2º Bachillerato A"
Alumno6,"Apellido 2º Bach A",alumno62bacha@example.com,"2º Bachillerato A"
Alumno7,"Apellido 2º Bach A",alumno72bacha@example.com,"2º Bachillerato A"
Alumno8,"Apellido 2º Bach A",alumno82bacha@example.com,"2º Bachillerato A"
Alumno9,"Apellido 2º Bach A",alumno92bacha@example.com,"2º Bachillerato A"
Alumno10,"Apellido 2º Bach A",alumno102bacha@example.com,"2º Bachillerato A"
Alumno1,"Apellido 2º Bach B",alumno12bachb@example.com,"2º Bachillerato B"
Alumno2,"Apellido 2º Bach B",alumno22bachb@example.com,"2º Bachillerato B"
Alumno3,"Apellido 2º Bach B",alumno32bachb@example.com,"2º Bachillerato B"
Alumno4,"Apellido 2º Bach B",alumno42bachb@example.com,"2º Bachillerato B"
Alumno5,"Apellido 2º Bach B",alumno52bachb@example.com,"2º Bachillerato B"
Alumno6,"Apellido 2º Bach B",alumno62bachb@example.com,"2º Bachillerato B"
Alumno7,"Apellido 2º Bach B",alumno72bachb@example.com,"2º Bachillerato B"
Alumno8,"Apellido 2º Bach B",alumno82bachb@example.com,"2º Bachillerato B"
Alumno9,"Apellido 2º Bach B",alumno92bachb@example.com,"2º Bachillerato B"
Alumno10,"Apellido 2º Bach B",alumno102bachb@example.com,"2º Bachillerato B"
Alumno1,"Apellido 2º Bach C",alumno12bachc@example.com,"2º Bachillerato C"
Alumno2,"Apellido 2º Bach C",alumno22bachc@example.com,"2º Bachillerato C"
Alumno3,"Apellido 2º Bach C",alumno32bachc@example.com,"2º Bachillerato C"
Alumno4,"Apellido 2º Bach C",alumno42bachc@example.com,"2º Bachillerato C"
Alumno5,"Apellido 2º Bach C",alumno52bachc@example.com,"2º Bachillerato C"
Alumno6,"Apellido 2º Bach C",alumno62bachc@example.com,"2º Bachillerato C"
Alumno7,"Apellido 2º Bach C",alumno72bachc@example.com,"2º Bachillerato C"
Alumno8,"Apellido 2º Bach C",alumno82bachc@example.com,"2º Bachillerato C"
Alumno9,"Apellido 2º Bach C",alumno92bachc@example.com,"2º Bachillerato C"
Alumno10,"Apellido 2º Bach C",alumno102bachc@example.com,"2º Bachillerato C"
